,PassengerId,Survived,Pclass,Sex,Age,SibSp,Parch,Fare,Embarked,TicketGroup,HasCabin
0,1,0,3,male,22.0,1,0,7.25,S,other,1
1,2,1,1,female,38.0,1,0,71.2833,C,other,0
2,3,1,3,female,26.0,0,0,7.925,S,other,1
3,4,1,1,female,35.0,1,0,53.1,S,number,0
4,5,0,3,male,35.0,0,0,8.05,S,number,1
6,7,0,1,male,54.0,0,0,51.8625,S,number,0
7,8,0,3,male,2.0,3,1,21.075,S,number,1
8,9,1,3,female,27.0,0,2,11.1333,S,number,1
9,10,1,2,female,14.0,1,0,30.0708,C,number,1
10,11,1,3,female,4.0,1,1,16.7,S,other,0
11,12,1,1,female,58.0,0,0,26.55,S,number,0
12,13,0,3,male,20.0,0,0,8.05,S,other,1
13,14,0,3,male,39.0,1,5,31.275,S,number,1
14,15,0,3,female,14.0,0,0,7.8542,S,number,1
15,16,1,2,female,55.0,0,0,16.0,S,number,1
16,17,0,3,male,2.0,4,1,29.125,Q,number,1
18,19,0,3,female,31.0,1,0,18.0,S,number,1
20,21,0,2,male,35.0,0,0,26.0,S,number,1
21,22,1,2,male,34.0,0,0,13.0,S,number,0
22,23,1,3,female,15.0,0,0,8.0292,Q,number,1
23,24,1,1,male,28.0,0,0,35.5,S,number,0
24,25,0,3,female,8.0,3,1,21.075,S,number,1
25,26,1,3,female,38.0,1,5,31.3875,S,number,1
27,28,0,1,male,19.0,3,2,263.0,S,number,0
30,31,0,1,male,40.0,0,0,27.7208,C,other,1
33,34,0,2,male,66.0,0,0,10.5,S,other,1
34,35,0,1,male,28.0,1,0,82.1708,C,other,1
35,36,0,1,male,42.0,1,0,52.0,S,number,1
37,38,0,3,male,21.0,0,0,8.05,S,other,1
38,39,0,3,female,18.0,2,0,18.0,S,number,1
39,40,1,3,female,14.0,1,0,11.2417,C,number,1
40,41,0,3,female,40.0,1,0,9.475,S,number,1
41,42,0,2,female,27.0,1,0,21.0,S,number,1
43,44,1,2,female,3.0,1,2,41.5792,C,other,1
44,45,1,3,female,19.0,0,0,7.8792,Q,number,1
49,50,0,3,female,18.0,1,0,17.8,S,number,1
50,51,0,3,male,7.0,4,1,39.6875,S,number,1
51,52,0,3,male,21.0,0,0,7.8,S,other,1
52,53,1,1,female,49.0,1,0,76.7292,C,other,0
53,54,1,2,female,29.0,1,0,26.0,S,number,1
54,55,0,1,male,65.0,0,1,61.9792,C,number,0
56,57,1,2,female,21.0,0,0,10.5,S,other,1
57,58,0,3,male,28.5,0,0,7.2292,C,number,1
58,59,1,2,female,5.0,1,2,27.75,S,other,1
59,60,0,3,male,11.0,5,2,46.9,S,other,1
60,61,0,3,male,22.0,0,0,7.2292,C,number,1
62,63,0,1,male,45.0,1,0,83.475,S,number,0
63,64,0,3,male,4.0,3,2,27.9,S,number,1
66,67,1,2,female,29.0,0,0,10.5,S,other,0
67,68,0,3,male,19.0,0,0,8.1583,S,other,1
68,69,1,3,female,17.0,4,2,7.925,S,number,1
69,70,0,3,male,26.0,2,0,8.6625,S,number,1
70,71,0,2,male,32.0,0,0,10.5,S,other,1
71,72,0,3,female,16.0,5,2,46.9,S,other,1
72,73,0,2,male,21.0,0,0,73.5,S,other,1
73,74,0,3,male,26.0,1,0,14.4542,C,number,1
74,75,1,3,male,32.0,0,0,56.4958,S,number,1
75,76,0,3,male,25.0,0,0,7.65,S,number,0
78,79,1,2,male,0.83,0,2,29.0,S,number,1
79,80,1,3,female,30.0,0,0,12.475,S,number,1
80,81,0,3,male,22.0,0,0,9.0,S,number,1
81,82,1,3,male,29.0,0,0,9.5,S,number,1
83,84,0,1,male,28.0,0,0,47.1,S,number,1
84,85,1,2,female,17.0,0,0,10.5,S,other,1
85,86,1,3,female,33.0,3,0,15.85,S,number,1
86,87,0,3,male,16.0,1,3,34.375,S,other,1
88,89,1,1,female,23.0,3,2,263.0,S,number,0
89,90,0,3,male,24.0,0,0,8.05,S,number,1
90,91,0,3,male,29.0,0,0,8.05,S,number,1
91,92,0,3,male,20.0,0,0,7.8542,S,number,1
92,93,0,1,male,46.0,1,0,61.175,S,other,0
93,94,0,3,male,26.0,1,2,20.575,S,other,1
94,95,0,3,male,59.0,0,0,7.25,S,number,1
96,97,0,1,male,71.0,0,0,34.6542,C,other,0
97,98,1,1,male,23.0,0,1,63.3583,C,other,0
98,99,1,2,female,34.0,0,1,23.0,S,number,1
99,100,0,2,male,34.0,1,0,26.0,S,number,1
100,101,0,3,female,28.0,0,0,7.8958,S,number,1
102,103,0,1,male,21.0,0,1,77.2875,S,number,0
103,104,0,3,male,33.0,0,0,8.6542,S,number,1
104,105,0,3,male,37.0,2,0,7.925,S,number,1
105,106,0,3,male,28.0,0,0,7.8958,S,number,1
106,107,1,3,female,21.0,0,0,7.65,S,number,1
108,109,0,3,male,38.0,0,0,7.8958,S,number,1
110,111,0,1,male,47.0,0,0,52.0,S,number,0
111,112,0,3,female,14.5,1,0,14.4542,C,number,1
112,113,0,3,male,22.0,0,0,8.05,S,number,1
113,114,0,3,female,20.0,1,0,9.825,S,number,1
114,115,0,3,female,17.0,0,0,14.4583,C,number,1
115,116,0,3,male,21.0,0,0,7.925,S,other,1
116,117,0,3,male,70.5,0,0,7.75,Q,number,1
117,118,0,2,male,29.0,1,0,21.0,S,number,1
118,119,0,1,male,24.0,0,1,247.5208,C,other,0
119,120,0,3,female,2.0,4,2,31.275,S,number,1
120,121,0,2,male,21.0,2,0,73.5,S,other,1
122,123,0,2,male,32.5,1,0,30.0708,C,number,1
123,124,1,2,female,32.5,0,0,13.0,S,number,0
124,125,0,1,male,54.0,0,1,77.2875,S,number,0
125,126,1,3,male,12.0,1,0,11.2417,C,number,1
127,128,1,3,male,24.0,0,0,7.1417,S,other,1
129,130,0,3,male,45.0,0,0,6.975,S,number,1
130,131,0,3,male,33.0,0,0,7.8958,C,number,1
131,132,0,3,male,20.0,0,0,7.05,S,other,1
132,133,0,3,female,47.0,1,0,14.5,S,other,1
133,134,1,2,female,29.0,1,0,26.0,S,number,1
134,135,0,2,male,25.0,0,0,13.0,S,other,1
135,136,0,2,male,23.0,0,0,15.0458,C,other,1
136,137,1,1,female,19.0,0,2,26.2833,S,number,0
137,138,0,1,male,37.0,1,0,53.1,S,number,0
138,139,0,3,male,16.0,0,0,9.2167,S,number,1
139,140,0,1,male,24.0,0,0,79.2,C,other,0
141,142,1,3,female,22.0,0,0,7.75,S,number,1
142,143,1,3,female,24.0,1,0,15.85,S,other,1
143,144,0,3,male,19.0,0,0,6.75,Q,number,1
144,145,0,2,male,18.0,0,0,11.5,S,number,1
145,146,0,2,male,19.0,1,1,36.75,S,other,1
146,147,1,3,male,27.0,0,0,7.7958,S,number,1
147,148,0,3,female,9.0,2,2,34.375,S,other,1
148,149,0,2,male,36.5,0,2,26.0,S,number,0
149,150,0,2,male,42.0,0,0,13.0,S,number,1
150,151,0,2,male,51.0,0,0,12.525,S,other,1
151,152,1,1,female,22.0,1,0,66.6,S,number,0
152,153,0,3,male,55.5,0,0,8.05,S,other,1
153,154,0,3,male,40.5,0,2,14.5,S,other,1
155,156,0,1,male,51.0,0,1,61.3792,C,other,1
156,157,1,3,female,16.0,0,0,7.7333,Q,number,1
157,158,0,3,male,30.0,0,0,8.05,S,other,1
160,161,0,3,male,44.0,0,1,16.1,S,number,1
161,162,1,2,female,40.0,0,0,15.75,S,other,1
162,163,0,3,male,26.0,0,0,7.775,S,number,1
163,164,0,3,male,17.0,0,0,8.6625,S,number,1
164,165,0,3,male,1.0,4,1,39.6875,S,number,1
165,166,1,3,male,9.0,0,2,20.525,S,number,1
167,168,0,3,female,45.0,1,4,27.9,S,number,1
169,170,0,3,male,28.0,0,0,56.4958,S,number,1
170,171,0,1,male,61.0,0,0,33.5,S,number,0
171,172,0,3,male,4.0,4,1,29.125,Q,number,1
172,173,1,3,female,1.0,1,1,11.1333,S,number,1
173,174,0,3,male,21.0,0,0,7.925,S,other,1
174,175,0,1,male,56.0,0,0,30.6958,C,number,0
175,176,0,3,male,18.0,1,1,7.8542,S,number,1
177,178,0,1,female,50.0,0,0,28.7125,C,other,0
178,179,0,2,male,30.0,0,0,13.0,S,number,1
179,180,0,3,male,36.0,0,0,0.0,S,other,1
182,183,0,3,male,9.0,4,2,31.3875,S,number,1
183,184,1,2,male,1.0,2,1,39.0,S,number,0
184,185,1,3,female,4.0,0,2,22.025,S,number,1
187,188,1,1,male,45.0,0,0,26.55,S,number,1
188,189,0,3,male,40.0,1,1,15.5,Q,number,1
189,190,0,3,male,36.0,0,0,7.8958,S,number,1
190,191,1,2,female,32.0,0,0,13.0,S,number,1
191,192,0,2,male,19.0,0,0,13.0,S,number,1
192,193,1,3,female,19.0,1,0,7.8542,S,number,1
193,194,1,2,male,3.0,1,1,26.0,S,number,0
194,195,1,1,female,44.0,0,0,27.7208,C,other,0
195,196,1,1,female,58.0,0,0,146.5208,C,other,0
197,198,0,3,male,42.0,0,1,8.4042,S,number,1
199,200,0,2,female,24.0,0,0,13.0,S,number,1
200,201,0,3,male,28.0,0,0,9.5,S,number,1
202,203,0,3,male,34.0,0,0,6.4958,S,number,1
203,204,0,3,male,45.5,0,0,7.225,C,number,1
204,205,1,3,male,18.0,0,0,8.05,S,other,1
205,206,0,3,female,2.0,0,1,10.4625,S,number,0
206,207,0,3,male,32.0,1,0,15.85,S,number,1
207,208,1,3,male,26.0,0,0,18.7875,C,number,1
208,209,1,3,female,16.0,0,0,7.75,Q,number,1
209,210,1,1,male,40.0,0,0,31.0,C,number,0
210,211,0,3,male,24.0,0,0,7.05,S,other,1
211,212,1,2,female,35.0,0,0,21.0,S,other,1
212,213,0,3,male,22.0,0,0,7.25,S,other,1
213,214,0,2,male,30.0,0,0,13.0,S,number,1
215,216,1,1,female,31.0,1,0,113.275,C,number,0
216,217,1,3,female,27.0,0,0,7.925,S,other,1
217,218,0,2,male,42.0,1,0,27.0,S,number,1
218,219,1,1,female,32.0,0,0,76.2917,C,number,0
219,220,0,2,male,30.0,0,0,10.5,S,other,1
220,221,1,3,male,16.0,0,0,8.05,S,other,1
221,222,0,2,male,27.0,0,0,13.0,S,number,1
222,223,0,3,male,51.0,0,0,8.05,S,number,1
224,225,1,1,male,38.0,1,0,90.0,S,number,0
225,226,0,3,male,22.0,0,0,9.35,S,other,1
226,227,1,2,male,19.0,0,0,10.5,S,other,1
227,228,0,3,male,20.5,0,0,7.25,S,other,1
228,229,0,2,male,18.0,0,0,13.0,S,number,1
230,231,1,1,female,35.0,1,0,83.475,S,number,0
231,232,0,3,male,29.0,0,0,7.775,S,number,1
232,233,0,2,male,59.0,0,0,13.5,S,number,1
233,234,1,3,female,5.0,4,2,31.3875,S,number,1
234,235,0,2,male,24.0,0,0,10.5,S,other,1
236,237,0,2,male,44.0,1,0,26.0,S,number,1
237,238,1,2,female,8.0,0,2,26.25,S,other,1
238,239,0,2,male,19.0,0,0,10.5,S,number,1
239,240,0,2,male,33.0,0,0,12.275,S,other,1
242,243,0,2,male,29.0,0,0,10.5,S,other,1
243,244,0,3,male,22.0,0,0,7.125,S,other,1
244,245,0,3,male,30.0,0,0,7.225,C,number,1
245,246,0,1,male,44.0,2,0,90.0,Q,number,0
246,247,0,3,female,25.0,0,0,7.775,S,number,1
247,248,1,2,female,24.0,0,2,14.5,S,number,1
248,249,1,1,male,37.0,1,1,52.5542,S,number,0
249,250,0,2,male,54.0,1,0,26.0,S,number,1
251,252,0,3,female,29.0,1,1,10.4625,S,number,0
252,253,0,1,male,62.0,0,0,26.55,S,number,0
253,254,0,3,male,30.0,1,0,16.1,S,other,1
254,255,0,3,female,41.0,0,2,20.2125,S,number,1
255,256,1,3,female,29.0,0,2,15.2458,C,number,1
257,258,1,1,female,30.0,0,0,86.5,S,number,0
258,259,1,1,female,35.0,0,0,512.3292,C,other,1
259,260,1,2,female,50.0,0,1,26.0,S,number,1
261,262,1,3,male,3.0,4,2,31.3875,S,number,1
262,263,0,1,male,52.0,1,1,79.65,S,number,0
263,264,0,1,male,40.0,0,0,0.0,S,number,0
265,266,0,2,male,36.0,0,0,10.5,S,other,1
266,267,0,3,male,16.0,4,1,39.6875,S,number,1
267,268,1,3,male,25.0,1,0,7.775,S,number,1
268,269,1,1,female,58.0,0,1,153.4625,S,other,0
269,270,1,1,female,35.0,0,0,135.6333,S,other,0
271,272,1,3,male,25.0,0,0,0.0,S,other,1
272,273,1,2,female,41.0,0,1,19.5,S,number,1
273,274,0,1,male,37.0,0,1,29.7,C,other,0
275,276,1,1,female,63.0,1,0,77.9583,S,number,0
276,277,0,3,female,45.0,0,0,7.75,S,number,1
278,279,0,3,male,7.0,4,1,29.125,Q,number,1
279,280,1,3,female,35.0,1,1,20.25,S,other,1
280,281,0,3,male,65.0,0,0,7.75,Q,number,1
281,282,0,3,male,28.0,0,0,7.8542,S,number,1
282,283,0,3,male,16.0,0,0,9.5,S,number,1
283,284,1,3,male,19.0,0,0,8.05,S,other,1
285,286,0,3,male,33.0,0,0,8.6625,C,number,1
286,287,1,3,male,30.0,0,0,9.5,S,number,1
287,288,0,3,male,22.0,0,0,7.8958,S,number,1
288,289,1,2,male,42.0,0,0,13.0,S,number,1
289,290,1,3,female,22.0,0,0,7.75,Q,number,1
290,291,1,1,female,26.0,0,0,78.85,S,number,1
291,292,1,1,female,19.0,1,0,91.0792,C,number,0
292,293,0,2,male,36.0,0,0,12.875,C,other,0
293,294,0,3,female,24.0,0,0,8.85,S,number,1
294,295,0,3,male,24.0,0,0,7.8958,S,number,1
296,297,0,3,male,23.5,0,0,7.2292,C,number,1
297,298,0,1,female,2.0,1,2,151.55,S,number,0
299,300,1,1,female,50.0,0,1,247.5208,C,other,0
302,303,0,3,male,19.0,0,0,0.0,S,other,1
305,306,1,1,male,0.92,1,2,151.55,S,number,0
307,308,1,1,female,17.0,1,0,108.9,C,other,0
308,309,0,2,male,30.0,1,0,24.0,C,other,1
309,310,1,1,female,30.0,0,0,56.9292,C,other,0
310,311,1,1,female,24.0,0,0,83.1583,C,number,0
311,312,1,1,female,18.0,2,2,262.375,C,other,0
312,313,0,2,female,26.0,1,1,26.0,S,number,1
313,314,0,3,male,28.0,0,0,7.8958,S,number,1
314,315,0,2,male,43.0,1,1,26.25,S,other,1
315,316,1,3,female,26.0,0,0,7.8542,S,number,1
316,317,1,2,female,24.0,1,0,26.0,S,number,1
317,318,0,2,male,54.0,0,0,14.0,S,number,1
318,319,1,1,female,31.0,0,2,164.8667,S,number,0
319,320,1,1,female,40.0,1,1,134.5,C,number,0
320,321,0,3,male,22.0,0,0,7.25,S,other,1
321,322,0,3,male,27.0,0,0,7.8958,S,number,1
322,323,1,2,female,30.0,0,0,12.35,Q,number,1
323,324,1,2,female,22.0,1,1,29.0,S,number,1
325,326,1,1,female,36.0,0,0,135.6333,C,other,0
326,327,0,3,male,61.0,0,0,6.2375,S,number,1
327,328,1,2,female,36.0,0,0,13.0,S,number,0
328,329,1,3,female,31.0,1,1,20.525,S,number,1
329,330,1,1,female,16.0,0,1,57.9792,C,number,0
331,332,0,1,male,45.5,0,0,28.5,S,number,0
332,333,0,1,male,38.0,0,1,153.4625,S,other,0
333,334,0,3,male,16.0,2,0,18.0,S,number,1
336,337,0,1,male,29.0,1,0,66.6,S,number,0
337,338,1,1,female,41.0,0,0,134.5,C,number,0
338,339,1,3,male,45.0,0,0,8.05,S,number,1
339,340,0,1,male,45.0,0,0,35.5,S,number,0
340,341,1,2,male,2.0,1,1,26.0,S,number,0
341,342,1,1,female,24.0,3,2,263.0,S,number,0
342,343,0,2,male,28.0,0,0,13.0,S,number,1
343,344,0,2,male,25.0,0,0,13.0,S,number,1
344,345,0,2,male,36.0,0,0,13.0,S,number,1
345,346,1,2,female,24.0,0,0,13.0,S,number,0
346,347,1,2,female,40.0,0,0,13.0,S,number,1
348,349,1,3,male,3.0,1,1,15.9,S,other,1
349,350,0,3,male,42.0,0,0,8.6625,S,number,1
350,351,0,3,male,23.0,0,0,9.225,S,number,1
352,353,0,3,male,15.0,1,1,7.2292,C,number,1
353,354,0,3,male,25.0,1,0,17.8,S,number,1
355,356,0,3,male,28.0,0,0,9.5,S,number,1
356,357,1,1,female,22.0,0,1,55.0,S,number,0
357,358,0,2,female,38.0,0,0,13.0,S,number,1
360,361,0,3,male,40.0,1,4,27.9,S,number,1
361,362,0,2,male,29.0,1,0,27.7208,C,other,1
362,363,0,3,female,45.0,0,1,14.4542,C,number,1
363,364,0,3,male,35.0,0,0,7.05,S,other,1
365,366,0,3,male,30.0,0,0,7.25,S,other,1
366,367,1,1,female,60.0,1,0,75.25,C,number,0
369,370,1,1,female,24.0,0,0,69.3,C,other,0
370,371,1,1,male,25.0,1,0,55.4417,C,number,0
371,372,0,3,male,18.0,1,0,6.4958,S,number,1
372,373,0,3,male,19.0,0,0,8.05,S,number,1
373,374,0,1,male,22.0,0,0,135.6333,C,other,1
374,375,0,3,female,3.0,3,1,21.075,S,number,1
376,377,1,3,female,22.0,0,0,7.25,S,other,1
377,378,0,1,male,27.0,0,2,211.5,C,number,0
378,379,0,3,male,20.0,0,0,4.0125,C,number,1
379,380,0,3,male,19.0,0,0,7.775,S,number,1
380,381,1,1,female,42.0,0,0,227.525,C,other,1
381,382,1,3,female,1.0,0,2,15.7417,C,number,1
382,383,0,3,male,32.0,0,0,7.925,S,other,1
383,384,1,1,female,35.0,1,0,52.0,S,number,1
385,386,0,2,male,18.0,0,0,73.5,S,other,1
386,387,0,3,male,1.0,5,2,46.9,S,other,1
387,388,1,2,female,36.0,0,0,13.0,S,number,1
389,390,1,2,female,17.0,0,0,12.0,C,other,1
390,391,1,1,male,36.0,1,2,120.0,S,number,0
391,392,1,3,male,21.0,0,0,7.7958,S,number,1
392,393,0,3,male,28.0,2,0,7.925,S,number,1
393,394,1,1,female,23.0,1,0,113.275,C,number,0
394,395,1,3,female,24.0,0,2,16.7,S,other,0
395,396,0,3,male,22.0,0,0,7.7958,S,number,1
396,397,0,3,female,31.0,0,0,7.8542,S,number,1
397,398,0,2,male,46.0,0,0,26.0,S,number,1
398,399,0,2,male,23.0,0,0,10.5,S,number,1
399,400,1,2,female,28.0,0,0,12.65,S,number,1
400,401,1,3,male,39.0,0,0,7.925,S,other,1
401,402,0,3,male,26.0,0,0,8.05,S,number,1
402,403,0,3,female,21.0,1,0,9.825,S,number,1
403,404,0,3,male,28.0,1,0,15.85,S,other,1
404,405,0,3,female,20.0,0,0,8.6625,S,number,1
405,406,0,2,male,34.0,1,0,21.0,S,number,1
406,407,0,3,male,51.0,0,0,7.75,S,number,1
407,408,1,2,male,3.0,1,1,18.75,S,number,1
408,409,0,3,male,21.0,0,0,7.775,S,number,1
412,413,1,1,female,33.0,1,0,90.0,Q,number,0
414,415,1,3,male,44.0,0,0,7.925,S,other,1
416,417,1,2,female,34.0,1,1,32.5,S,number,1
417,418,1,2,female,18.0,0,2,13.0,S,number,1
418,419,0,2,male,30.0,0,0,13.0,S,number,1
419,420,0,3,female,10.0,0,2,24.15,S,number,1
421,422,0,3,male,21.0,0,0,7.7333,Q,other,1
422,423,0,3,male,29.0,0,0,7.875,S,number,1
423,424,0,3,female,28.0,1,1,14.4,S,number,1
424,425,0,3,male,18.0,1,1,20.2125,S,number,1
426,427,1,2,female,28.0,1,0,26.0,S,number,1
427,428,1,2,female,19.0,0,0,26.0,S,number,1
429,430,1,3,male,32.0,0,0,8.05,S,other,0
430,431,1,1,male,28.0,0,0,26.55,S,number,0
432,433,1,2,female,42.0,1,0,26.0,S,other,1
433,434,0,3,male,17.0,0,0,7.125,S,other,1
434,435,0,1,male,50.0,1,0,55.9,S,number,0
435,436,1,1,female,14.0,1,2,120.0,S,number,0
436,437,0,3,female,21.0,2,2,34.375,S,other,1
437,438,1,2,female,24.0,2,3,18.75,S,number,1
438,439,0,1,male,64.0,1,4,263.0,S,number,0
439,440,0,2,male,31.0,0,0,10.5,S,other,1
440,441,1,2,female,45.0,1,1,26.25,S,other,1
441,442,0,3,male,20.0,0,0,9.5,S,number,1
442,443,0,3,male,25.0,1,0,7.775,S,number,1
443,444,1,2,female,28.0,0,0,13.0,S,number,1
445,446,1,1,male,4.0,0,2,81.8583,S,number,0
446,447,1,2,female,13.0,0,1,19.5,S,number,1
447,448,1,1,male,34.0,0,0,26.55,S,number,1
448,449,1,3,female,5.0,2,1,19.2583,C,number,1
449,450,1,1,male,52.0,0,0,30.5,S,number,0
450,451,0,2,male,36.0,1,2,27.75,S,other,1
452,453,0,1,male,30.0,0,0,27.75,C,number,0
453,454,1,1,male,49.0,1,0,89.1042,C,number,0
455,456,1,3,male,29.0,0,0,7.8958,C,number,1
456,457,0,1,male,65.0,0,0,26.55,S,number,0
458,459,1,2,female,50.0,0,0,10.5,S,other,1
460,461,1,1,male,48.0,0,0,26.55,S,number,0
461,462,0,3,male,34.0,0,0,8.05,S,number,1
462,463,0,1,male,47.0,0,0,38.5,S,number,0
463,464,0,2,male,48.0,0,0,13.0,S,number,1
465,466,0,3,male,38.0,0,0,7.05,S,other,1
467,468,0,1,male,56.0,0,0,26.55,S,number,1
469,470,1,3,female,0.75,2,1,19.2583,C,number,1
471,472,0,3,male,38.0,0,0,8.6625,S,number,1
472,473,1,2,female,33.0,1,2,27.75,S,other,1
473,474,1,2,female,23.0,0,0,13.7917,C,other,0
474,475,0,3,female,22.0,0,0,9.8375,S,number,1
476,477,0,2,male,34.0,1,0,21.0,S,number,1
477,478,0,3,male,29.0,1,0,7.0458,S,number,1
478,479,0,3,male,22.0,0,0,7.5208,S,number,1
479,480,1,3,female,2.0,0,1,12.2875,S,number,1
480,481,0,3,male,9.0,5,2,46.9,S,other,1
482,483,0,3,male,50.0,0,0,8.05,S,other,1
483,484,1,3,female,63.0,0,0,9.5875,S,number,1
484,485,1,1,male,25.0,1,0,91.0792,C,number,0
486,487,1,1,female,35.0,1,0,90.0,S,number,0
487,488,0,1,male,58.0,0,0,29.7,C,number,0
488,489,0,3,male,30.0,0,0,8.05,S,other,1
489,490,1,3,male,9.0,1,1,15.9,S,other,1
491,492,0,3,male,21.0,0,0,7.25,S,other,1
492,493,0,1,male,55.0,0,0,30.5,S,number,0
493,494,0,1,male,71.0,0,0,49.5042,C,other,1
494,495,0,3,male,21.0,0,0,8.05,S,other,1
496,497,1,1,female,54.0,1,0,78.2667,C,number,0
498,499,0,1,female,25.0,1,2,151.55,S,number,0
499,500,0,3,male,24.0,0,0,7.7958,S,number,1
500,501,0,3,male,17.0,0,0,8.6625,S,number,1
501,502,0,3,female,21.0,0,0,7.75,Q,number,1
503,504,0,3,female,37.0,0,0,9.5875,S,number,1
504,505,1,1,female,16.0,0,0,86.5,S,number,0
505,506,0,1,male,18.0,1,0,108.9,C,other,0
506,507,1,2,female,33.0,0,2,26.0,S,number,1
508,509,0,3,male,28.0,0,0,22.525,S,other,1
509,510,1,3,male,26.0,0,0,56.4958,S,number,1
510,511,1,3,male,29.0,0,0,7.75,Q,number,1
512,513,1,1,male,36.0,0,0,26.2875,S,other,0
513,514,1,1,female,54.0,1,0,59.4,C,other,1
514,515,0,3,male,24.0,0,0,7.4958,S,number,1
515,516,0,1,male,47.0,0,0,34.0208,S,number,0
516,517,1,2,female,34.0,0,0,10.5,S,other,0
518,519,1,2,female,36.0,1,0,26.0,S,number,1
519,520,0,3,male,32.0,0,0,7.8958,S,number,1
520,521,1,1,female,30.0,0,0,93.5,S,number,0
521,522,0,3,male,22.0,0,0,7.8958,S,number,1
523,524,1,1,female,44.0,0,1,57.9792,C,number,0
525,526,0,3,male,40.5,0,0,7.75,Q,number,1
526,527,1,2,female,50.0,0,0,10.5,S,other,1
528,529,0,3,male,39.0,0,0,7.925,S,number,1
529,530,0,2,male,23.0,2,1,11.5,S,number,1
530,531,1,2,female,2.0,1,1,26.0,S,number,1
532,533,0,3,male,17.0,1,1,7.2292,C,number,1
534,535,0,3,female,30.0,0,0,8.6625,S,number,1
535,536,1,2,female,7.0,0,2,26.25,S,other,1
536,537,0,1,male,45.0,0,0,26.55,S,number,0
537,538,1,1,female,30.0,0,0,106.425,C,other,1
539,540,1,1,female,22.0,0,2,49.5,C,number,0
540,541,1,1,female,36.0,0,2,71.0,S,other,0
541,542,0,3,female,9.0,4,2,31.275,S,number,1
542,543,0,3,female,11.0,4,2,31.275,S,number,1
543,544,1,2,male,32.0,1,0,26.0,S,number,1
544,545,0,1,male,50.0,1,0,106.425,C,other,0
545,546,0,1,male,64.0,0,0,26.0,S,number,1
546,547,1,2,female,19.0,1,0,26.0,S,number,1
548,549,0,3,male,33.0,1,1,20.525,S,number,1
549,550,1,2,male,8.0,1,1,36.75,S,other,1
550,551,1,1,male,17.0,0,2,110.8833,C,number,0
551,552,0,2,male,27.0,0,0,26.0,S,number,1
553,554,1,3,male,22.0,0,0,7.225,C,number,1
554,555,1,3,female,22.0,0,0,7.775,S,number,1
555,556,0,1,male,62.0,0,0,26.55,S,number,1
556,557,1,1,female,48.0,1,0,39.6,C,number,0
558,559,1,1,female,39.0,1,1,79.65,S,number,0
559,560,1,3,female,36.0,1,0,17.4,S,number,1
561,562,0,3,male,40.0,0,0,7.8958,S,number,1
562,563,0,2,male,28.0,0,0,13.5,S,number,1
565,566,0,3,male,24.0,2,0,24.15,S,other,1
566,567,0,3,male,19.0,0,0,7.8958,S,number,1
567,568,0,3,female,29.0,0,4,21.075,S,number,1
569,570,1,3,male,32.0,0,0,7.8542,S,number,1
570,571,1,2,male,62.0,0,0,10.5,S,other,1
571,572,1,1,female,53.0,2,0,51.4792,S,number,0
572,573,1,1,male,36.0,0,0,26.3875,S,other,0
574,575,0,3,male,16.0,0,0,8.05,S,other,1
575,576,0,3,male,19.0,0,0,14.5,S,number,1
576,577,1,2,female,34.0,0,0,13.0,S,number,1
577,578,1,1,female,39.0,1,0,55.9,S,number,0
579,580,1,3,male,32.0,0,0,7.925,S,other,1
580,581,1,2,female,25.0,1,1,30.0,S,number,1
581,582,1,1,female,39.0,1,1,110.8833,C,number,0
582,583,0,2,male,54.0,0,0,26.0,S,number,1
583,584,0,1,male,36.0,0,0,40.125,C,number,0
585,586,1,1,female,18.0,0,2,79.65,S,number,0
586,587,0,2,male,47.0,0,0,15.0,S,number,1
587,588,1,1,male,60.0,1,1,79.2,C,number,0
588,589,0,3,male,22.0,0,0,8.05,S,number,1
590,591,0,3,male,35.0,0,0,7.125,S,other,1
591,592,1,1,female,52.0,1,0,78.2667,C,number,0
592,593,0,3,male,47.0,0,0,7.25,S,other,1
594,595,0,2,male,37.0,1,0,26.0,S,other,1
595,596,0,3,male,36.0,1,1,24.15,S,number,1
597,598,0,3,male,49.0,0,0,0.0,S,other,1
599,600,1,1,male,49.0,1,0,56.9292,C,other,0
600,601,1,2,female,24.0,2,1,27.0,S,number,1
603,604,0,3,male,44.0,0,0,8.05,S,number,1
604,605,1,1,male,35.0,0,0,26.55,C,number,1
605,606,0,3,male,36.0,1,0,15.55,S,number,1
606,607,0,3,male,30.0,0,0,7.8958,S,number,1
607,608,1,1,male,27.0,0,0,30.5,S,number,1
608,609,1,2,female,22.0,1,2,41.5792,C,other,1
609,610,1,1,female,40.0,0,0,153.4625,S,other,0
610,611,0,3,female,39.0,1,5,31.275,S,number,1
614,615,0,3,male,35.0,0,0,8.05,S,number,1
615,616,1,2,female,24.0,1,2,65.0,S,number,1
616,617,0,3,male,34.0,1,1,14.4,S,number,1
617,618,0,3,female,26.0,1,0,16.1,S,other,1
618,619,1,2,female,4.0,2,1,39.0,S,number,0
619,620,0,2,male,26.0,0,0,10.5,S,number,1
620,621,0,3,male,27.0,1,0,14.4542,C,number,1
621,622,1,1,male,42.0,1,0,52.5542,S,number,0
622,623,1,3,male,20.0,1,1,15.7417,C,number,1
623,624,0,3,male,21.0,0,0,7.8542,S,number,1
624,625,0,3,male,21.0,0,0,16.1,S,number,1
625,626,0,1,male,61.0,0,0,32.3208,S,number,0
626,627,0,2,male,57.0,0,0,12.35,Q,number,1
627,628,1,1,female,21.0,0,0,77.9583,S,number,0
628,629,0,3,male,26.0,0,0,7.8958,S,number,1
630,631,1,1,male,80.0,0,0,30.0,S,number,0
631,632,0,3,male,51.0,0,0,7.0542,S,number,1
632,633,1,1,male,32.0,0,0,30.5,C,number,0
634,635,0,3,female,9.0,3,2,27.9,S,number,1
635,636,1,2,female,28.0,0,0,13.0,S,number,1
636,637,0,3,male,32.0,0,0,7.925,S,other,1
637,638,0,2,male,31.0,1,1,26.25,S,other,1
638,639,0,3,female,41.0,0,5,39.6875,S,number,1
640,641,0,3,male,20.0,0,0,7.8542,S,number,1
641,642,1,1,female,24.0,0,0,69.3,C,other,0
642,643,0,3,female,2.0,3,2,27.9,S,number,1
644,645,1,3,female,0.75,2,1,19.2583,C,number,1
645,646,1,1,male,48.0,1,0,76.7292,C,other,0
646,647,0,3,male,19.0,0,0,7.8958,S,number,1
647,648,1,1,male,56.0,0,0,35.5,C,number,0
649,650,1,3,female,23.0,0,0,7.55,S,other,1
651,652,1,2,female,18.0,0,1,23.0,S,number,1
652,653,0,3,male,21.0,0,0,8.4333,S,number,1
654,655,0,3,female,18.0,0,0,6.75,Q,number,1
655,656,0,2,male,24.0,2,0,73.5,S,other,1
657,658,0,3,female,32.0,1,1,15.5,Q,number,1
658,659,0,2,male,23.0,0,0,13.0,S,number,1
659,660,0,1,male,58.0,0,2,113.275,C,number,0
660,661,1,1,male,50.0,2,0,133.65,S,other,1
661,662,0,3,male,40.0,0,0,7.225,C,number,1
662,663,0,1,male,47.0,0,0,25.5875,S,number,0
663,664,0,3,male,36.0,0,0,7.4958,S,number,1
664,665,1,3,male,20.0,1,0,7.925,S,other,1
665,666,0,2,male,32.0,2,0,73.5,S,other,1
666,667,0,2,male,25.0,0,0,13.0,S,number,1
668,669,0,3,male,43.0,0,0,8.05,S,other,1
670,671,1,2,female,40.0,1,1,39.0,S,number,1
671,672,0,1,male,31.0,1,0,52.0,S,other,0
672,673,0,2,male,70.0,0,0,10.5,S,other,1
673,674,1,2,male,31.0,0,0,13.0,S,number,1
675,676,0,3,male,18.0,0,0,7.775,S,number,1
676,677,0,3,male,24.5,0,0,8.05,S,number,1
677,678,1,3,female,18.0,0,0,9.8417,S,number,1
678,679,0,3,female,43.0,1,6,46.9,S,other,1
679,680,1,1,male,36.0,0,1,512.3292,C,other,0
681,682,1,1,male,27.0,0,0,76.7292,C,other,0
682,683,0,3,male,20.0,0,0,9.225,S,number,1
683,684,0,3,male,14.0,5,2,46.9,S,other,1
684,685,0,2,male,60.0,1,1,39.0,S,number,1
685,686,0,2,male,25.0,1,2,41.5792,C,other,1
686,687,0,3,male,14.0,4,1,39.6875,S,number,1
687,688,0,3,male,19.0,0,0,10.1708,S,number,1
688,689,0,3,male,18.0,0,0,7.7958,S,number,1
689,690,1,1,female,15.0,0,1,211.3375,S,number,0
690,691,1,1,male,31.0,1,0,57.0,S,number,0
691,692,1,3,female,4.0,0,1,13.4167,C,number,1
693,694,0,3,male,25.0,0,0,7.225,C,number,1
694,695,0,1,male,60.0,0,0,26.55,S,number,1
695,696,0,2,male,52.0,0,0,13.5,S,number,1
696,697,0,3,male,44.0,0,0,8.05,S,number,1
698,699,0,1,male,49.0,1,1,110.8833,C,number,0
699,700,0,3,male,42.0,0,0,7.65,S,number,0
700,701,1,1,female,18.0,1,0,227.525,C,other,0
701,702,1,1,male,35.0,0,0,26.2875,S,other,0
702,703,0,3,female,18.0,0,1,14.4542,C,number,1
703,704,0,3,male,25.0,0,0,7.7417,Q,number,1
704,705,0,3,male,26.0,1,0,7.8542,S,number,1
705,706,0,2,male,39.0,0,0,26.0,S,number,1
706,707,1,2,female,45.0,0,0,13.5,S,number,1
707,708,1,1,male,42.0,0,0,26.2875,S,other,0
708,709,1,1,female,22.0,0,0,151.55,S,number,1
710,711,1,1,female,24.0,0,0,49.5042,C,other,0
712,713,1,1,male,48.0,1,0,52.0,S,number,0
713,714,0,3,male,29.0,0,0,9.4833,S,number,1
714,715,0,2,male,52.0,0,0,13.0,S,number,1
715,716,0,3,male,19.0,0,0,7.65,S,number,0
716,717,1,1,female,38.0,0,0,227.525,C,other,0
717,718,1,2,female,27.0,0,0,10.5,S,number,0
719,720,0,3,male,33.0,0,0,7.775,S,number,1
720,721,1,2,female,6.0,0,1,33.0,S,number,1
721,722,0,3,male,17.0,1,0,7.0542,S,number,1
722,723,0,2,male,34.0,0,0,13.0,S,number,1
723,724,0,2,male,50.0,0,0,13.0,S,number,1
724,725,1,1,male,27.0,1,0,53.1,S,number,0
725,726,0,3,male,20.0,0,0,8.6625,S,number,1
726,727,1,2,female,30.0,3,0,21.0,S,number,1
728,729,0,2,male,25.0,1,0,26.0,S,number,1
729,730,0,3,female,25.0,1,0,7.925,S,other,1
730,731,1,1,female,29.0,0,0,211.3375,S,number,0
731,732,0,3,male,11.0,0,0,18.7875,C,number,1
733,734,0,2,male,23.0,0,0,13.0,S,number,1
734,735,0,2,male,23.0,0,0,13.0,S,number,1
735,736,0,3,male,28.5,0,0,16.1,S,number,1
736,737,0,3,female,48.0,1,3,34.375,S,other,1
737,738,1,1,male,35.0,0,0,512.3292,C,other,0
741,742,0,1,male,36.0,1,0,78.85,S,number,0
742,743,1,1,female,21.0,2,2,262.375,C,other,0
743,744,0,3,male,24.0,1,0,16.1,S,number,1
744,745,1,3,male,31.0,0,0,7.925,S,other,1
745,746,0,1,male,70.0,1,1,71.0,S,other,0
746,747,0,3,male,16.0,1,1,20.25,S,other,1
747,748,1,2,female,30.0,0,0,13.0,S,number,1
748,749,0,1,male,19.0,1,0,53.1,S,number,0
749,750,0,3,male,31.0,0,0,7.75,Q,number,1
750,751,1,2,female,4.0,1,1,23.0,S,number,1
751,752,1,3,male,6.0,0,1,12.475,S,number,0
752,753,0,3,male,33.0,0,0,9.5,S,number,1
753,754,0,3,male,23.0,0,0,7.8958,S,number,1
754,755,1,2,female,48.0,1,2,65.0,S,number,1
755,756,1,2,male,0.67,1,1,14.5,S,number,1
756,757,0,3,male,28.0,0,0,7.7958,S,number,1
757,758,0,2,male,18.0,0,0,11.5,S,number,1
758,759,0,3,male,34.0,0,0,8.05,S,number,1
759,760,1,1,female,33.0,0,0,86.5,S,number,0
761,762,0,3,male,41.0,0,0,7.125,S,other,1
762,763,1,3,male,20.0,0,0,7.2292,C,number,1
763,764,1,1,female,36.0,1,2,120.0,S,number,0
764,765,0,3,male,16.0,0,0,7.775,S,number,1
765,766,1,1,female,51.0,1,0,77.9583,S,number,0
767,768,0,3,female,30.5,0,0,7.75,Q,number,1
769,770,0,3,male,32.0,0,0,8.3625,S,number,1
770,771,0,3,male,24.0,0,0,9.5,S,number,1
771,772,0,3,male,48.0,0,0,7.8542,S,number,1
772,773,0,2,female,57.0,0,0,10.5,S,other,0
774,775,1,2,female,54.0,1,3,23.0,S,number,1
775,776,0,3,male,18.0,0,0,7.75,S,number,1
777,778,1,3,female,5.0,0,0,12.475,S,number,1
779,780,1,1,female,43.0,0,1,211.3375,S,number,0
780,781,1,3,female,13.0,0,0,7.2292,C,number,1
781,782,1,1,female,17.0,1,0,57.0,S,number,0
782,783,0,1,male,29.0,0,0,30.0,S,number,0
784,785,0,3,male,25.0,0,0,7.05,S,other,1
785,786,0,3,male,25.0,0,0,7.25,S,number,1
786,787,1,3,female,18.0,0,0,7.4958,S,number,1
787,788,0,3,male,8.0,4,1,29.125,Q,number,1
788,789,1,3,male,1.0,1,2,20.575,S,other,1
789,790,0,1,male,46.0,0,0,79.2,C,other,0
791,792,0,2,male,16.0,0,0,26.0,S,number,1
794,795,0,3,male,25.0,0,0,7.8958,S,number,1
795,796,0,2,male,39.0,0,0,13.0,S,number,1
796,797,1,1,female,49.0,0,0,25.9292,S,number,0
797,798,1,3,female,31.0,0,0,8.6833,S,number,1
798,799,0,3,male,30.0,0,0,7.2292,C,number,1
799,800,0,3,female,30.0,1,1,24.15,S,number,1
800,801,0,2,male,34.0,0,0,13.0,S,number,1
801,802,1,2,female,31.0,1,1,26.25,S,other,1
802,803,1,1,male,11.0,1,2,120.0,S,number,0
803,804,1,3,male,0.42,0,1,8.5167,C,number,1
804,805,1,3,male,27.0,0,0,6.975,S,number,1
805,806,0,3,male,31.0,0,0,7.775,S,number,1
806,807,0,1,male,39.0,0,0,0.0,S,number,0
807,808,0,3,female,18.0,0,0,7.775,S,number,1
808,809,0,2,male,39.0,0,0,13.0,S,number,1
809,810,1,1,female,33.0,1,0,53.1,S,number,0
810,811,0,3,male,26.0,0,0,7.8875,S,number,1
811,812,0,3,male,39.0,0,0,24.15,S,other,1
812,813,0,2,male,35.0,0,0,10.5,S,number,1
813,814,0,3,female,6.0,4,2,31.275,S,number,1
814,815,0,3,male,30.5,0,0,8.05,S,number,1
816,817,0,3,female,23.0,0,0,7.925,S,other,1
817,818,0,2,male,31.0,1,1,37.0042,C,other,1
818,819,0,3,male,43.0,0,0,6.45,S,other,1
819,820,0,3,male,10.0,3,2,27.9,S,number,1
820,821,1,1,female,52.0,1,1,93.5,S,number,0
821,822,1,3,male,27.0,0,0,8.6625,S,number,1
822,823,0,1,male,38.0,0,0,0.0,S,number,1
823,824,1,3,female,27.0,0,1,12.475,S,number,0
824,825,0,3,male,2.0,4,1,39.6875,S,number,1
827,828,1,2,male,1.0,0,2,37.0042,C,other,1
830,831,1,3,female,15.0,1,0,14.4542,C,number,1
831,832,1,2,male,0.83,1,1,18.75,S,number,1
833,834,0,3,male,23.0,0,0,7.8542,S,number,1
834,835,0,3,male,18.0,0,0,8.3,S,number,1
835,836,1,1,female,39.0,1,1,83.1583,C,other,0
836,837,0,3,male,21.0,0,0,8.6625,S,number,1
838,839,1,3,male,32.0,0,0,56.4958,S,number,1
840,841,0,3,male,20.0,0,0,7.925,S,other,1
841,842,0,2,male,16.0,0,0,10.5,S,other,1
842,843,1,1,female,30.0,0,0,31.0,C,number,1
843,844,0,3,male,34.5,0,0,6.4375,C,number,1
844,845,0,3,male,17.0,0,0,8.6625,S,number,1
845,846,0,3,male,42.0,0,0,7.55,S,other,1
847,848,0,3,male,35.0,0,0,7.8958,C,number,1
848,849,0,2,male,28.0,0,1,33.0,S,number,1
850,851,0,3,male,4.0,4,2,31.275,S,number,1
851,852,0,3,male,74.0,0,0,7.775,S,number,1
852,853,0,3,female,9.0,1,1,15.2458,C,number,1
853,854,1,1,female,16.0,0,1,39.4,S,other,0
854,855,0,2,female,44.0,1,0,26.0,S,number,1
855,856,1,3,female,18.0,0,1,9.35,S,number,1
856,857,1,1,female,45.0,1,1,164.8667,S,number,1
857,858,1,1,male,51.0,0,0,26.55,S,number,0
858,859,1,3,female,24.0,0,3,19.2583,C,number,1
860,861,0,3,male,41.0,2,0,14.1083,S,number,1
861,862,0,2,male,21.0,1,0,11.5,S,number,1
862,863,1,1,female,48.0,0,0,25.9292,S,number,0
864,865,0,2,male,24.0,0,0,13.0,S,number,1
865,866,1,2,female,42.0,0,0,13.0,S,number,1
866,867,1,2,female,27.0,1,0,13.8583,C,other,1
867,868,0,1,male,31.0,0,0,50.4958,S,other,0
869,870,1,3,male,4.0,1,1,11.1333,S,number,1
870,871,0,3,male,26.0,0,0,7.8958,S,number,1
871,872,1,1,female,47.0,1,1,52.5542,S,number,0
872,873,0,1,male,33.0,0,0,5.0,S,number,0
873,874,0,3,male,47.0,0,0,9.0,S,number,1
874,875,1,2,female,28.0,1,0,24.0,C,other,1
875,876,1,3,female,15.0,0,0,7.225,C,number,1
876,877,0,3,male,20.0,0,0,9.8458,S,number,1
877,878,0,3,male,19.0,0,0,7.8958,S,number,1
879,880,1,1,female,56.0,0,1,83.1583,C,number,0
880,881,1,2,female,25.0,0,1,26.0,S,number,1
881,882,0,3,male,33.0,0,0,7.8958,S,number,1
882,883,0,3,female,22.0,0,0,10.5167,S,number,1
883,884,0,2,male,28.0,0,0,10.5,S,other,1
884,885,0,3,male,25.0,0,0,7.05,S,other,1
885,886,0,3,female,39.0,0,5,29.125,Q,number,1
886,887,0,2,male,27.0,0,0,13.0,S,number,1
887,888,1,1,female,19.0,0,0,30.0,S,number,0
889,890,1,1,male,26.0,0,0,30.0,C,number,0
890,891,0,3,male,32.0,0,0,7.75,Q,number,1
